<?xml version="1.0" encoding="UTF-8"?>
<project-private xmlns="http://www.netbeans.org/ns/project-private/1">
    <editor-bookmarks xmlns="http://www.netbeans.org/ns/editor-bookmarks/2" lastBookmarkId="0"/>
    <open-files xmlns="http://www.netbeans.org/ns/projectui-open-files/2">
        <group>
            <file>file:/C:/Users/MI%20BAITURRAHMAN/OneDrive/Documents/NetBeansProjects/responsiTest/src/Controller/RoomControl.java</file>
            <file>file:/C:/Users/MI%20BAITURRAHMAN/OneDrive/Documents/NetBeansProjects/responsiTest/src/View/RoomListView.java</file>
            <file>file:/C:/Users/MI%20BAITURRAHMAN/OneDrive/Documents/NetBeansProjects/responsiTest/src/Model/modelMaul.java</file>
        </group>
    </open-files>
</project-private>
